-- phpMyAdmin SQL Dump
-- version 4.8.4
-- https://www.phpmyadmin.net/
--
-- Host: 127.0.0.1:3306
-- Generation Time: Aug 12, 2020 at 11:12 AM
-- Server version: 5.7.24
-- PHP Version: 7.2.14

SET SQL_MODE = "NO_AUTO_VALUE_ON_ZERO";
SET AUTOCOMMIT = 0;
START TRANSACTION;
SET time_zone = "+00:00";


/*!40101 SET @OLD_CHARACTER_SET_CLIENT=@@CHARACTER_SET_CLIENT */;
/*!40101 SET @OLD_CHARACTER_SET_RESULTS=@@CHARACTER_SET_RESULTS */;
/*!40101 SET @OLD_COLLATION_CONNECTION=@@COLLATION_CONNECTION */;
/*!40101 SET NAMES utf8mb4 */;

--
-- Database: `shree`
--

-- --------------------------------------------------------

--
-- Table structure for table `emb`
--

DROP TABLE IF EXISTS `emb`;
CREATE TABLE IF NOT EXISTS `emb` (
  `id` int(11) NOT NULL AUTO_INCREMENT,
  `designName` varchar(128) DEFAULT NULL,
  `created_date` timestamp NULL DEFAULT CURRENT_TIMESTAMP,
  PRIMARY KEY (`id`)
) ENGINE=MyISAM AUTO_INCREMENT=43 DEFAULT CHARSET=latin1;

--
-- Dumping data for table `emb`
--

INSERT INTO `emb` (`id`, `designName`, `created_date`) VALUES
(40, '23', '2020-08-10 06:24:55'),
(39, '22', '2020-08-09 13:19:24'),
(41, '31', '2020-08-10 09:46:16'),
(42, '30', '2020-08-12 10:45:33');

-- --------------------------------------------------------

--
-- Table structure for table `embmeta`
--

DROP TABLE IF EXISTS `embmeta`;
CREATE TABLE IF NOT EXISTS `embmeta` (
  `metaid` int(11) NOT NULL AUTO_INCREMENT,
  `embId` int(11) DEFAULT NULL,
  `workerName` varchar(32) DEFAULT NULL,
  `rate` double(8,2) DEFAULT NULL,
  `added` timestamp NOT NULL DEFAULT CURRENT_TIMESTAMP,
  PRIMARY KEY (`metaid`)
) ENGINE=InnoDB AUTO_INCREMENT=72 DEFAULT CHARSET=utf8mb4;

--
-- Dumping data for table `embmeta`
--

INSERT INTO `embmeta` (`metaid`, `embId`, `workerName`, `rate`, `added`) VALUES
(36, 39, '5', 90.00, '2020-08-09 13:19:24'),
(37, 39, '6', 90.00, '2020-08-09 13:19:24'),
(38, 39, '12', 90.00, '2020-08-09 13:19:24'),
(39, 39, '13', 90.00, '2020-08-09 13:19:25'),
(40, 39, '16', 101.00, '2020-08-09 13:19:25'),
(41, 39, '17', 109.06, '2020-08-09 13:19:25'),
(42, 39, '18', 40.02, '2020-08-09 13:19:25'),
(43, 39, '19', 90.00, '2020-08-09 13:19:25'),
(44, 39, '20', 90.00, '2020-08-09 13:19:25'),
(45, 40, '5', 51.00, '2020-08-10 06:24:55'),
(46, 40, '6', 52.00, '2020-08-10 06:24:56'),
(47, 40, '12', 53.00, '2020-08-10 06:24:56'),
(48, 40, '13', 54.00, '2020-08-10 06:24:56'),
(49, 40, '16', 53.00, '2020-08-10 06:24:56'),
(50, 40, '17', 551.00, '2020-08-10 06:24:56'),
(51, 40, '18', 52.00, '2020-08-10 06:24:56'),
(52, 40, '19', 53.00, '2020-08-10 06:24:56'),
(53, 40, '20', 55.00, '2020-08-10 06:24:56'),
(54, 41, '5', 101.02, '2020-08-10 09:46:16'),
(55, 41, '6', 102.02, '2020-08-10 09:46:17'),
(56, 41, '12', 103.02, '2020-08-10 09:46:17'),
(57, 41, '13', 104.02, '2020-08-10 09:46:17'),
(58, 41, '16', 105.00, '2020-08-10 09:46:17'),
(59, 41, '17', 106.00, '2020-08-10 09:46:17'),
(60, 41, '18', 107.00, '2020-08-10 09:46:17'),
(61, 41, '19', 108.00, '2020-08-10 09:46:17'),
(62, 41, '20', 109.00, '2020-08-10 09:46:17'),
(63, 42, '5', 90.03, '2020-08-12 10:45:33'),
(64, 42, '6', 70.02, '2020-08-12 10:45:33'),
(65, 42, '12', 80.03, '2020-08-12 10:45:33'),
(66, 42, '13', 60.02, '2020-08-12 10:45:33'),
(67, 42, '16', 40.00, '2020-08-12 10:45:33'),
(68, 42, '17', 60.00, '2020-08-12 10:45:33'),
(69, 42, '18', 80.00, '2020-08-12 10:45:34'),
(70, 42, '19', 50.00, '2020-08-12 10:45:34'),
(71, 42, '20', 40.00, '2020-08-12 10:45:34');

-- --------------------------------------------------------

--
-- Table structure for table `src`
--

DROP TABLE IF EXISTS `src`;
CREATE TABLE IF NOT EXISTS `src` (
  `id` int(11) NOT NULL AUTO_INCREMENT,
  `fabric` int(5) NOT NULL,
  `code` int(11) NOT NULL,
  `grade` int(11) NOT NULL,
  `rate` float(6,2) NOT NULL,
  `created_at` date DEFAULT NULL,
  `updated_at` datetime DEFAULT CURRENT_TIMESTAMP,
  PRIMARY KEY (`id`)
) ENGINE=MyISAM AUTO_INCREMENT=159 DEFAULT CHARSET=latin1;

--
-- Dumping data for table `src`
--

INSERT INTO `src` (`id`, `fabric`, `code`, `grade`, `rate`, `created_at`, `updated_at`) VALUES
(99, 16, 2, 1, 230.00, '2020-08-12', '2020-08-12 11:30:03'),
(100, 16, 2, 3, 207.00, '2020-08-12', '2020-08-12 11:30:03'),
(101, 16, 2, 4, 184.00, '2020-08-12', '2020-08-12 11:30:03'),
(102, 16, 2, 5, 161.00, '2020-08-12', '2020-08-12 11:30:03'),
(103, 16, 2, 6, 184.00, '2020-08-12', '2020-08-12 11:30:03'),
(104, 16, 2, 7, 207.00, '2020-08-12', '2020-08-12 11:30:03'),
(105, 16, 3, 1, 520.00, '2020-08-12', '2020-08-12 11:30:27'),
(106, 16, 3, 3, 468.00, '2020-08-12', '2020-08-12 11:30:27'),
(107, 16, 3, 4, 416.00, '2020-08-12', '2020-08-12 11:30:27'),
(108, 16, 3, 5, 364.00, '2020-08-12', '2020-08-12 11:30:27'),
(109, 16, 3, 6, 416.00, '2020-08-12', '2020-08-12 11:30:27'),
(110, 16, 3, 7, 468.00, '2020-08-12', '2020-08-12 11:30:27'),
(111, 16, 4, 1, 515.00, '2020-08-12', '2020-08-12 11:30:46'),
(112, 16, 4, 3, 463.50, '2020-08-12', '2020-08-12 11:30:46'),
(113, 16, 4, 4, 412.00, '2020-08-12', '2020-08-12 11:30:46'),
(114, 16, 4, 5, 360.50, '2020-08-12', '2020-08-12 11:30:46'),
(115, 16, 4, 6, 412.00, '2020-08-12', '2020-08-12 11:30:46'),
(116, 16, 4, 7, 463.50, '2020-08-12', '2020-08-12 11:30:46'),
(117, 16, 5, 1, 525.00, '2020-08-12', '2020-08-12 11:30:58'),
(118, 16, 5, 3, 472.50, '2020-08-12', '2020-08-12 11:30:58'),
(119, 16, 5, 4, 420.00, '2020-08-12', '2020-08-12 11:30:58'),
(120, 16, 5, 5, 367.50, '2020-08-12', '2020-08-12 11:30:58'),
(121, 16, 5, 6, 420.00, '2020-08-12', '2020-08-12 11:30:58'),
(122, 16, 5, 7, 472.50, '2020-08-12', '2020-08-12 11:30:58'),
(123, 16, 6, 1, 535.00, '2020-08-12', '2020-08-12 11:31:22'),
(124, 16, 6, 3, 481.50, '2020-08-12', '2020-08-12 11:31:22'),
(125, 16, 6, 4, 428.00, '2020-08-12', '2020-08-12 11:31:22'),
(126, 16, 6, 5, 374.50, '2020-08-12', '2020-08-12 11:31:22'),
(127, 16, 6, 6, 428.00, '2020-08-12', '2020-08-12 11:31:22'),
(128, 16, 6, 7, 481.50, '2020-08-12', '2020-08-12 11:31:22'),
(129, 3, 2, 1, 350.00, '2020-08-12', '2020-08-12 14:13:39'),
(130, 3, 2, 3, 315.00, '2020-08-12', '2020-08-12 14:13:40'),
(131, 3, 2, 4, 280.00, '2020-08-12', '2020-08-12 14:13:40'),
(132, 3, 2, 5, 245.00, '2020-08-12', '2020-08-12 14:13:40'),
(133, 3, 2, 6, 315.00, '2020-08-12', '2020-08-12 14:13:40'),
(134, 3, 2, 7, 280.00, '2020-08-12', '2020-08-12 14:13:40'),
(135, 3, 3, 1, 350.00, '2020-08-12', '2020-08-12 14:13:44'),
(136, 3, 3, 3, 315.00, '2020-08-12', '2020-08-12 14:13:44'),
(137, 3, 3, 4, 280.00, '2020-08-12', '2020-08-12 14:13:44'),
(138, 3, 3, 5, 245.00, '2020-08-12', '2020-08-12 14:13:44'),
(139, 3, 3, 6, 315.00, '2020-08-12', '2020-08-12 14:13:44'),
(140, 3, 3, 7, 280.00, '2020-08-12', '2020-08-12 14:13:44'),
(141, 3, 4, 1, 351.00, '2020-08-12', '2020-08-12 14:13:53'),
(142, 3, 4, 3, 315.90, '2020-08-12', '2020-08-12 14:13:53'),
(143, 3, 4, 4, 280.80, '2020-08-12', '2020-08-12 14:13:53'),
(144, 3, 4, 5, 245.70, '2020-08-12', '2020-08-12 14:13:53'),
(145, 3, 4, 6, 315.90, '2020-08-12', '2020-08-12 14:13:53'),
(146, 3, 4, 7, 280.80, '2020-08-12', '2020-08-12 14:13:53'),
(147, 3, 5, 1, 355.00, '2020-08-12', '2020-08-12 14:14:03'),
(148, 3, 5, 3, 319.50, '2020-08-12', '2020-08-12 14:14:03'),
(149, 3, 5, 4, 284.00, '2020-08-12', '2020-08-12 14:14:03'),
(150, 3, 5, 5, 248.50, '2020-08-12', '2020-08-12 14:14:03'),
(151, 3, 5, 6, 319.50, '2020-08-12', '2020-08-12 14:14:03'),
(152, 3, 5, 7, 284.00, '2020-08-12', '2020-08-12 14:14:03'),
(153, 3, 6, 1, 365.00, '2020-08-12', '2020-08-12 14:14:14'),
(154, 3, 6, 3, 328.50, '2020-08-12', '2020-08-12 14:14:14'),
(155, 3, 6, 4, 292.00, '2020-08-12', '2020-08-12 14:14:14'),
(156, 3, 6, 5, 255.50, '2020-08-12', '2020-08-12 14:14:14'),
(157, 3, 6, 6, 328.50, '2020-08-12', '2020-08-12 14:14:14'),
(158, 3, 6, 7, 292.00, '2020-08-12', '2020-08-12 14:14:14');
COMMIT;

/*!40101 SET CHARACTER_SET_CLIENT=@OLD_CHARACTER_SET_CLIENT */;
/*!40101 SET CHARACTER_SET_RESULTS=@OLD_CHARACTER_SET_RESULTS */;
/*!40101 SET COLLATION_CONNECTION=@OLD_COLLATION_CONNECTION */;
